{
  "experiment_name": "prime_ljpw_lattice_surprise_audit",
  "date_executed": "2026-06-13T07:39:58.787601+00:00",
  "execution_duration_sec": 26.099431,
  "seed": 613,
  "base": 30.0,
  "ljpw_constants": {
    "L0": 0.6180339887498949,
    "J0": 0.41421356237309515,
    "P0": 0.7182818284590451,
    "W0": 0.6931471805599453
  },
  "groups": {
    "cosmological_constant": {
      "group": "cosmological_constant",
      "max_c": 50,
      "null_summary": {
        "samples": 2000,
        "range": {
          "low": 1e-130,
          "high": 1e-110,
          "distribution": "log_uniform"
        },
        "min_error": 1.4181671392776707e-09,
        "p01_error": 1.488104836944171e-07,
        "p05_error": 8.851914791052628e-07,
        "p10_error": 1.6155299574993619e-06,
        "median_error": 9.3171840806483e-06,
        "p90_error": 2.8968623959790832e-05
      },
      "targets": {
        "lambda_planck_units": {
          "target_value": 1.38e-122,
          "absolute_relative_error": 4.542156168518829e-06,
          "relative_error": 4.542156168518829e-06,
          "calculated_value": 1.3800062681755125e-122,
          "calculated_exponent": -82.49838566170878,
          "coefficients": {
            "c_L": -30,
            "c_J": -37,
            "c_P": -32,
            "c_W": -37
          },
          "null_percentile_at_or_better": 26.150000000000002,
          "classification": "dense_lattice_fit"
        }
      }
    },
    "heavy_boson_ratios": {
      "group": "heavy_boson_ratios",
      "max_c": 10,
      "null_summary": {
        "samples": 5000,
        "range": {
          "low": 50.0,
          "high": 150.0,
          "distribution": "log_uniform"
        },
        "min_error": 2.3395547277260675e-08,
        "p01_error": 1.63821527574326e-06,
        "p05_error": 8.510446575493713e-06,
        "p10_error": 1.671900946724758e-05,
        "median_error": 0.0001047696453468916,
        "p90_error": 0.000322965957551824
      },
      "targets": {
        "higgs_to_proton_mass_ratio": {
          "target_value": 133.33019431069104,
          "absolute_relative_error": 6.120605800696843e-05,
          "relative_error": 6.120605800696843e-05,
          "calculated_value": 133.3383549262981,
          "calculated_exponent": 1.4385786447026998,
          "coefficients": {
            "c_L": -5,
            "c_J": -3,
            "c_P": 9,
            "c_W": -1
          },
          "null_percentile_at_or_better": 30.84,
          "classification": "dense_lattice_fit"
        },
        "w_to_proton_mass_ratio": {
          "target_value": 85.66491629184983,
          "absolute_relative_error": 5.025873280573023e-05,
          "relative_error": 5.025873280573023e-05,
          "calculated_value": 85.66922170198858,
          "calculated_exponent": 1.3085078934532293,
          "coefficients": {
            "c_L": -4,
            "c_J": 8,
            "c_P": -9,
            "c_W": 10
          },
          "null_percentile_at_or_better": 25.919999999999998,
          "classification": "dense_lattice_fit"
        },
        "z_to_proton_mass_ratio": {
          "target_value": 97.18673402658331,
          "absolute_relative_error": 0.00011293440943183075,
          "relative_error": -0.00011293440943183075,
          "calculated_value": 97.17575830017141,
          "calculated_exponent": 1.3455618026850473,
          "coefficients": {
            "c_L": 4,
            "c_J": -5,
            "c_P": 10,
            "c_W": -9
          },
          "null_percentile_at_or_better": 53.66,
          "classification": "weak_or_miss"
        }
      }
    },
    "cosmic_energy_ratios": {
      "group": "cosmic_energy_ratios",
      "max_c": 10,
      "null_summary": {
        "samples": 5000,
        "range": {
          "low": 0.1,
          "high": 10.0,
          "distribution": "log_uniform"
        },
        "min_error": 8.157192865620999e-08,
        "p01_error": 1.9315961525712135e-06,
        "p05_error": 9.281247849385334e-06,
        "p10_error": 1.936308724980185e-05,
        "median_error": 0.00010655323712227549,
        "p90_error": 0.0003295094645757502
      },
      "targets": {
        "dark_energy_to_total_matter": {
          "target_value": 2.1545741324921135,
          "absolute_relative_error": 8.13546627391748e-05,
          "relative_error": 8.13546627391748e-05,
          "calculated_value": 2.154749417144009,
          "calculated_exponent": 0.22570711161490342,
          "coefficients": {
            "c_L": 6,
            "c_J": -5,
            "c_P": -1,
            "c_W": -1
          },
          "null_percentile_at_or_better": 38.36,
          "classification": "dense_lattice_fit"
        },
        "dark_matter_to_baryon": {
          "target_value": 5.469387755102041,
          "absolute_relative_error": 4.346015652934021e-05,
          "relative_error": 4.346015652934021e-05,
          "calculated_value": 5.4696254555499975,
          "calculated_exponent": 0.49959174694589326,
          "coefficients": {
            "c_L": 9,
            "c_J": -2,
            "c_P": -3,
            "c_W": -3
          },
          "null_percentile_at_or_better": 21.72,
          "classification": "dense_lattice_fit"
        }
      }
    },
    "hubble_tension_ratio": {
      "group": "hubble_tension_ratio",
      "max_c": 5,
      "null_summary": {
        "samples": 5000,
        "range": {
          "low": 1.0,
          "high": 1.2,
          "distribution": "uniform"
        },
        "min_error": 1.1527074650352631e-07,
        "p01_error": 1.3300230626905885e-05,
        "p05_error": 6.543738015016289e-05,
        "p10_error": 0.0001335540710116767,
        "median_error": 0.0009997756427186366,
        "p90_error": 0.0026011814053295795
      },
      "targets": {
        "late_to_early_H0": {
          "target_value": 1.083086053412463,
          "absolute_relative_error": 0.004695560591682968,
          "relative_error": 0.004695560591682968,
          "calculated_value": 1.0881717496022678,
          "calculated_exponent": 0.024843896011850664,
          "coefficients": {
            "c_L": -1,
            "c_J": 0,
            "c_P": -2,
            "c_W": 3
          },
          "null_percentile_at_or_better": 99.0,
          "classification": "weak_or_miss"
        }
      }
    },
    "pmns_neutrino_angles": {
      "group": "pmns_neutrino_angles",
      "max_c": 10,
      "null_summary": {
        "samples": 5000,
        "range": {
          "low": 0.05,
          "high": 1.0,
          "distribution": "log_uniform"
        },
        "min_error": 7.1433859938352384e-09,
        "p01_error": 1.91924336957916e-06,
        "p05_error": 8.722394225413323e-06,
        "p10_error": 1.771911239217827e-05,
        "median_error": 0.0001036711064503204,
        "p90_error": 0.00032102537789944206
      },
      "targets": {
        "theta12_radians": {
          "target_value": 0.5902703530244823,
          "absolute_relative_error": 4.13570885107184e-05,
          "relative_error": 4.13570885107184e-05,
          "calculated_value": 0.5902947648877176,
          "calculated_exponent": -0.15498461458871216,
          "coefficients": {
            "c_L": 6,
            "c_J": 4,
            "c_P": 1,
            "c_W": -9
          },
          "null_percentile_at_or_better": 21.560000000000002,
          "classification": "dense_lattice_fit"
        },
        "theta23_radians": {
          "target_value": 0.8429940287132611,
          "absolute_relative_error": 8.07689487041241e-05,
          "relative_error": 8.07689487041241e-05,
          "calculated_value": 0.8430621164547242,
          "calculated_exponent": -0.050192511500696035,
          "coefficients": {
            "c_L": 8,
            "c_J": -5,
            "c_P": -6,
            "c_W": 2
          },
          "null_percentile_at_or_better": 38.9,
          "classification": "dense_lattice_fit"
        },